TCR	Abundance
CASTMVRGQHF	0.000130071928997862
CAHRKGHYYDSTGYYF	9.541204372597662e-05
CARVGGRRYFDWLF	8.372893633095906e-05
CARVMDYYDTSGHRYCYFDF	1.557747652669006e-06
CARVREYYCDGSGCHYGYYYVDF	1.1683107395017544e-06
