TCR	Abundance
CARMMTTVTTF	1.5435145175664137e-05
CARFSGGYYYDSSGYYF	1.2185640928155898e-05
CARMMTTVTTF	4.87425637126236e-06
