TCR	Abundance
CARDIQITIF	0.00012942025459749073
CARGGWGSGGSF	0.0001261437924557821
CGRGHYYAFGPF	6.22527806924639e-05
CAKEVHSSSSF	1.7201426243970285e-05
CASLGYCSSVTCYPF	7.372039818844408e-06
CAKEVHSSSSF	1.6382310708543129e-06
