TCR	Abundance
CAKMGEHSGF	0.00014215402971718338
CARAAGTLWGSHF	8.098118906019873e-05
CAREPAPYTVGYF	4.95208710080352e-05
CTTIGITGTSKF	4.369488618356047e-05
