TCR	Abundance
CARGDIVATMF	8.520487697897588e-05
CAREYGIDVLRYFDPF	6.81639015831807e-05
CARDPAVLWF	2.1486447238176527e-05
CAKGGDIVATF	1.926371131698585e-05
CAREYGIDVLRYFDPF	1.4818239474604502e-05
CPRSPPYGNCTRLFDYF	8.890943684762701e-06
CARGVGGRNF	3.704559868651125e-06
