TCR	Abundance
CARETLPPYDVLTDF	4.1909059606009535e-05
CARGSGYSAF	3.171496402616937e-05
CARGSGYSAF	2.3786223019627036e-05
CATGRNNWNYFF	1.6990159299733593e-05
CARDPMAAAALF	1.245945015313797e-05
