TCR	Abundance
CVREDSSSWF	0.000104304750888246
CARPPYDSSGF	4.6357667061442674e-05
CATDPPKTIF	2.7593849441334924e-05
CARDEYVGNGIF	2.3178833530721337e-05
CARGRDYYGSGSWALMF	1.6004432675974257e-05
CARSGYYYDSSGYSFF	1.545255568714756e-05
CARGGGSSGLF	1.3796924720667462e-05
CARGRDYYGSGSWALMF	6.622523865920382e-06
CARSGYYYDSSGYSFF	1.103753977653397e-06
