TCR	Abundance
CATLAIAVAGKF	0.00021264354788743493
CARVNGYSSGWF	0.0001586731042611824
CATLAIAVAGKF	8.203507431190384e-05
