TCR	Abundance
CITRELGIIRF	3.784305983273368e-05
CITRELGIIRF	5.7121599747522525e-06
