TCR	Abundance
CAKDSGSIRYFEWF	5.7715726958438906e-05
CARDLKGVGFLEF	5.146318987127469e-05
