TCR	Abundance
CARDPGSSWYF	2.604212981430056e-05
CAKEPDSVRGLF	1.5244173549834472e-05
CARLSGADAGGGF	1.2068304060285624e-05
CAREGYYDSSGYAF	3.8110433874586175e-06
CARVGQWQEGQEF	3.8110433874586175e-06
CARDPGSSGYF	1.9055216937293087e-06
CARLSGADAGGGF	1.2703477958195395e-06
