TCR	Abundance
CARDLGGVYGWF	0.00010585104238074116
CAKGPGFWSSYCHWF	1.3441402207078244e-05
CGTDEDYYDSSGYTF	6.720701103539121e-06
CARENGDKYSGCDVF	5.040525827654341e-06
CARLSGADAGGGF	3.3603505517695607e-06
