TCR	Abundance
CAKAGYYGDYPDF	7.684114794838998e-05
CARDWDILTGCQF	4.474294690665746e-05
CARDWDILTGCQF	3.890691035361518e-06
