TCR	Abundance
CARDHTGTTLF	9.198905742107992e-05
CARGAEYSSSF	4.118913018854324e-05
CAKDLGIPGSSGLF	3.157833314454982e-05
CARDFPGVGLPPFVF	1.5102681069132522e-05
CARTNTPKRHLVARPLF	5.491884025139099e-06
CARTNTPKRHLVARPLF	2.7459420125695494e-06
